<?xml version="1.0" encoding="UTF-8"?>
<QCARConfig xmlns:xsi="http://www.w3.org/2001/XMLSchema-instance" xsi:noNamespaceSchemaLocation="qcar_config.xsd">
  <Tracking>
    <ImageTarget name="End" size="1.000000 1.702786" />
    <ImageTarget name="Map-Center" size="1.000000 1.000000" />
    <ImageTarget name="Start" size="1.000000 1.702786" />
    <ImageTarget name="Defenders" size="1.000000 1.724324" />
    <ImageTarget name="Path" size="1.000000 1.702786" />
    <ImageTarget name="Tower" size="1.000000 1.647500" />
  </Tracking>
</QCARConfig>
